neural-network.jpeg,b
seba.jpeg,a
neural-network.jpeg,b
claudio-deepdream.jpg,a
.localized,a
seba.jpeg,a
neural-network.jpeg,a
seba.jpeg,a
neural-network.jpeg,b
claudio-deepdream.jpg,a
claudio-deepdream.jpg,pool
claudio-deepdream.jpg,hotel_interior_view
claudio-deepdream.jpg,dinning
claudio-deepdream.jpg,kitchen
claudio-deepdream.jpg,bar,hotel_Front
claudio-deepdream.jpg,bar,dinning
claudio-deepdream.jpg,business_center,hotel_front
claudio-deepdream.jpg,
claudio-deepdream.jpg,property amenities
claudio-deepdream.jpg,business_center,guest_room_amenities
